[{
  "_id": {
    "$oid": "67201c111111111111111111"
  },
  "userId": {
    "$oid": "67200a333333333333333333"
  },
  "items": [
    {
      "productId": {
        "$oid": "68ff7b8ab357b1f7cb0e5751"
      },
      "quantity": 1,
      "price": 28500000
    }
  ]
},
{
  "_id": {
    "$oid": "67201c222222222222222222"
  },
  "userId": {
    "$oid": "67200a444444444444444444"
  },
  "items": [
    {
      "productId": {
        "$oid": "68ff7b8ab357b1f7cb0e5752"
      },
      "quantity": 2,
      "price": 9800000
    }
  ]
},
{
  "_id": {
    "$oid": "67201c333333333333333333"
  },
  "userId": {
    "$oid": "67200a555555555555555555"
  },
  "items": [
    {
      "productId": {
        "$oid": "68ff7b8ab357b1f7cb0e5756"
      },
      "quantity": 1,
      "price": 6900000
    }
  ]
},
{
  "_id": {
    "$oid": "67201c444444444444444444"
  },
  "userId": {
    "$oid": "67200a666666666666666666"
  },
  "items": [
    {
      "productId": {
        "$oid": "68ff7b8ab357b1f7cb0e5759"
      },
      "quantity": 3,
      "price": 2200000
    }
  ]
},
{
  "_id": {
    "$oid": "67201c555555555555555555"
  },
  "userId": {
    "$oid": "67200a777777777777777777"
  },
  "items": [
    {
      "productId": {
        "$oid": "68ff7b8ab357b1f7cb0e5754"
      },
      "quantity": 1,
      "price": 16500000
    }
  ]
}]