[{
  "_id": {
    "$oid": "690ddb39ff29c2e016584ffd"
  },
  "userId": {
    "$oid": "690ddb39ff29c2e016584ffb"
  },
  "token": "eyJhbGciOiJIUzI1NiIsInR5cCI6IkpXVCJ9.eyJzdWIiOiI2OTBkZGIzOWZmMjljMmUwMTY1ODRmZmIiLCJpYXQiOjE3NjI1MTU3NjksImV4cCI6MTc2MzEyMDU2OX0.RjfWOyvvyDQTAbIUxnhJv5mmKvkJWjAEGIocXOTZUUA",
  "isRevoked": false,
  "expiresAt": {
    "$date": "2025-11-14T11:42:49.000Z"
  },
  "createdAt": {
    "$date": "2025-11-07T11:42:49.231Z"
  },
  "updatedAt": {
    "$date": "2025-11-07T11:42:49.231Z"
  },
  "__v": 0
},
{
  "_id": {
    "$oid": "690de018ff29c2e016585011"
  },
  "userId": {
    "$oid": "690de018ff29c2e01658500f"
  },
  "token": "eyJhbGciOiJIUzI1NiIsInR5cCI6IkpXVCJ9.eyJzdWIiOiI2OTBkZTAxOGZmMjljMmUwMTY1ODUwMGYiLCJpYXQiOjE3NjI1MTcwMTYsImV4cCI6MTc2MzEyMTgxNn0.Y6vwfZH7yP7H42ih0YRvyGYsGGg9EDGWv1t28M2Lia4",
  "isRevoked": false,
  "expiresAt": {
    "$date": "2025-11-14T12:03:36.000Z"
  },
  "createdAt": {
    "$date": "2025-11-07T12:03:36.725Z"
  },
  "updatedAt": {
    "$date": "2025-11-07T12:03:36.725Z"
  },
  "__v": 0
},
{
  "_id": {
    "$oid": "690de188473e6b41e1523001"
  },
  "userId": {
    "$oid": "690de188473e6b41e1522fff"
  },
  "token": "eyJhbGciOiJIUzI1NiIsInR5cCI6IkpXVCJ9.eyJzdWIiOiI2OTBkZTE4ODQ3M2U2YjQxZTE1MjJmZmYiLCJpYXQiOjE3NjI1MTczODQsImV4cCI6MTc2MzEyMjE4NH0.GPumABgsN3Hncigb1Ac0_ova8X6L-XUjc1JymNnUJbQ",
  "isRevoked": false,
  "expiresAt": {
    "$date": "2025-11-14T12:09:44.000Z"
  },
  "createdAt": {
    "$date": "2025-11-07T12:09:44.255Z"
  },
  "updatedAt": {
    "$date": "2025-11-07T12:09:44.255Z"
  },
  "__v": 0
},
{
  "_id": {
    "$oid": "690de190473e6b41e1523008"
  },
  "userId": {
    "$oid": "690de188473e6b41e1522fff"
  },
  "token": "eyJhbGciOiJIUzI1NiIsInR5cCI6IkpXVCJ9.eyJzdWIiOiI2OTBkZTE4ODQ3M2U2YjQxZTE1MjJmZmYiLCJpYXQiOjE3NjI1MTczOTIsImV4cCI6MTc2MzEyMjE5Mn0.U6mV4PyFt5mm7hMJFxlkQIw4CDjqJj-0nrmx5nc189E",
  "isRevoked": false,
  "expiresAt": {
    "$date": "2025-11-14T12:09:52.000Z"
  },
  "createdAt": {
    "$date": "2025-11-07T12:09:52.724Z"
  },
  "updatedAt": {
    "$date": "2025-11-07T12:09:52.724Z"
  },
  "__v": 0
},
{
  "_id": {
    "$oid": "690de2d4b960452951c2bd5d"
  },
  "userId": {
    "$oid": "690de08b293d93c4a9c50d59"
  },
  "token": "eyJhbGciOiJIUzI1NiIsInR5cCI6IkpXVCJ9.eyJzdWIiOiI2OTBkZTA4YjI5M2Q5M2M0YTljNTBkNTkiLCJpYXQiOjE3NjI1MTc3MTYsImV4cCI6MTc2MzEyMjUxNn0.3c2uSsmS7N2mlnvPAPCn2z-YXZDEEOqd5tTlZnKiGpY",
  "isRevoked": false,
  "expiresAt": {
    "$date": "2025-11-14T12:15:16.000Z"
  },
  "createdAt": {
    "$date": "2025-11-07T12:15:16.772Z"
  },
  "updatedAt": {
    "$date": "2025-11-07T12:15:16.772Z"
  },
  "__v": 0
},
{
  "_id": {
    "$oid": "690de78a26e423caa06fa349"
  },
  "userId": {
    "$oid": "690de08b293d93c4a9c50d59"
  },
  "token": "eyJhbGciOiJIUzI1NiIsInR5cCI6IkpXVCJ9.eyJzdWIiOiI2OTBkZTA4YjI5M2Q5M2M0YTljNTBkNTkiLCJpYXQiOjE3NjI1MTg5MjIsImV4cCI6MTc2MzEyMzcyMn0.q77i17TLc_CaaHjwUu5gzofM9dEIjZQWgU_IMLfDclY",
  "isRevoked": false,
  "expiresAt": {
    "$date": "2025-11-14T12:35:22.000Z"
  },
  "createdAt": {
    "$date": "2025-11-07T12:35:22.265Z"
  },
  "updatedAt": {
    "$date": "2025-11-07T12:35:22.265Z"
  },
  "__v": 0
},
{
  "_id": {
    "$oid": "690deba1c41f4963f588ed8b"
  },
  "userId": {
    "$oid": "690de08b293d93c4a9c50d59"
  },
  "token": "eyJhbGciOiJIUzI1NiIsInR5cCI6IkpXVCJ9.eyJzdWIiOiI2OTBkZTA4YjI5M2Q5M2M0YTljNTBkNTkiLCJpYXQiOjE3NjI1MTk5NjksImV4cCI6MTc2MzEyNDc2OX0.9L8B0UB1jsJOZrHoI2XHOgdHdfQvLakh4cf3Czm8f0k",
  "isRevoked": false,
  "expiresAt": {
    "$date": "2025-11-14T12:52:49.000Z"
  },
  "createdAt": {
    "$date": "2025-11-07T12:52:49.816Z"
  },
  "updatedAt": {
    "$date": "2025-11-07T12:52:49.816Z"
  },
  "__v": 0
},
{
  "_id": {
    "$oid": "690def7060486e9f7c372334"
  },
  "userId": {
    "$oid": "690de08b293d93c4a9c50d59"
  },
  "token": "eyJhbGciOiJIUzI1NiIsInR5cCI6IkpXVCJ9.eyJzdWIiOiI2OTBkZTA4YjI5M2Q5M2M0YTljNTBkNTkiLCJpYXQiOjE3NjI1MjA5NDQsImV4cCI6MTc2MzEyNTc0NH0.VMEutB2BhrbXvpvnQ5kXhSrUMwIAKAAOAnYWsIP-S1k",
  "isRevoked": false,
  "expiresAt": {
    "$date": "2025-11-14T13:09:04.000Z"
  },
  "createdAt": {
    "$date": "2025-11-07T13:09:04.849Z"
  },
  "updatedAt": {
    "$date": "2025-11-07T13:09:04.849Z"
  },
  "__v": 0
}]