[{
  "_id": {
    "$oid": "67202a111111111111111111"
  },
  "orderNumber": "DH202510010001",
  "userId": {
    "$oid": "67200a333333333333333333"
  },
  "total": 28500000,
  "status": "completed",
  "updatedAt": {
    "$date": "2025-11-07T12:24:45.328Z"
  }
},
{
  "_id": {
    "$oid": "67202a222222222222222222"
  },
  "orderNumber": "DH202510010002",
  "userId": {
    "$oid": "67200a444444444444444444"
  },
  "total": 19600000,
  "status": "completed",
  "updatedAt": {
    "$date": "2025-11-07T12:24:52.242Z"
  }
},
{
  "_id": {
    "$oid": "67202a333333333333333333"
  },
  "orderNumber": "DH202510010003",
  "userId": {
    "$oid": "67200a555555555555555555"
  },
  "total": 6900000,
  "status": "completed",
  "updatedAt": {
    "$date": "2025-11-07T12:24:53.521Z"
  }
},
{
  "_id": {
    "$oid": "67202a444444444444444444"
  },
  "orderNumber": "DH202510010004",
  "userId": {
    "$oid": "67200a666666666666666666"
  },
  "total": 6600000,
  "status": "shipped"
},
{
  "_id": {
    "$oid": "67202a555555555555555555"
  },
  "orderNumber": "DH202510010005",
  "userId": {
    "$oid": "67200a777777777777777777"
  },
  "total": 16500000,
  "status": "paid"
},
{
  "_id": {
    "$oid": "67202a666666666666666666"
  },
  "orderNumber": "DH202510010006",
  "userId": {
    "$oid": "67200a888888888888888888"
  },
  "total": 4200000,
  "status": "delivered"
},
{
  "_id": {
    "$oid": "67202a777777777777777777"
  },
  "orderNumber": "DH202510010007",
  "userId": {
    "$oid": "67200a999999999999999999"
  },
  "total": 2700000,
  "status": "pending"
},
{
  "_id": {
    "$oid": "67202a888888888888888888"
  },
  "orderNumber": "DH202510010008",
  "userId": {
    "$oid": "67200a000000000000000000"
  },
  "total": 12500000,
  "status": "paid"
},
{
  "_id": {
    "$oid": "67202a999999999999999999"
  },
  "orderNumber": "DH202510010009",
  "userId": {
    "$oid": "67200a333333333333333333"
  },
  "total": 3100000,
  "status": "cancelled"
},
{
  "_id": {
    "$oid": "67202a000000000000000000"
  },
  "orderNumber": "DH202510010010",
  "userId": {
    "$oid": "67200a555555555555555555"
  },
  "total": 1800000,
  "status": "pending"
},
{
  "_id": {
    "$oid": "690b01bc04e876323419c7fe"
  },
  "user_id": "user_001",
  "items": [
    {
      "product_id": "68ff7686b357b1f7cb0e574e",
      "name": "Sofa Góc L Mini",
      "price": 12500000,
      "quantity": 1
    }
  ],
  "total_amount": 12500000,
  "status": 0,
  "created_at": {
    "$date": "2025-11-05T07:50:20.696Z"
  }
},
{
  "_id": {
    "$oid": "690b029434d6f923ae206084"
  },
  "user_id": "user_001",
  "items": [
    {
      "product_id": "68ff7686b357b1f7cb0e574e",
      "name": "Sofa Góc L Mini",
      "price": 12500000,
      "quantity": 1
    },
    {
      "product_id": "68ff7b8ab357b1f7cb0e5751",
      "name": "Sofa Da Cao Cấp Verona",
      "price": 28500000,
      "quantity": 1
    }
  ],
  "total_amount": 41000000,
  "status": 0,
  "created_at": {
    "$date": "2025-11-05T07:53:56.907Z"
  }
},
{
  "_id": {
    "$oid": "690b03276072c515b4e98391"
  },
  "user_id": "user_001",
  "items": [
    {
      "product_id": "68ff7686b357b1f7cb0e574e",
      "name": "Sofa Góc L Mini",
      "price": 12500000,
      "quantity": 1
    },
    {
      "product_id": "68ff7b8ab357b1f7cb0e5751",
      "name": "Sofa Da Cao Cấp Verona",
      "price": 28500000,
      "quantity": 1
    }
  ],
  "total_amount": 41000000,
  "status": 0,
  "created_at": {
    "$date": "2025-11-05T07:56:23.738Z"
  }
},
{
  "_id": {
    "$oid": "690b03cd707fc3d6c3d970f2"
  },
  "user_id": "user_001",
  "items": [
    {
      "product_id": "68ff7686b357b1f7cb0e574e",
      "name": "Sofa Góc L Mini",
      "price": 12500000,
      "quantity": 1
    },
    {
      "product_id": "68ff7b8ab357b1f7cb0e5751",
      "name": "Sofa Da Cao Cấp Verona",
      "price": 28500000,
      "quantity": 1
    }
  ],
  "total_amount": 41000000,
  "status": 0,
  "created_at": {
    "$date": "2025-11-05T07:59:09.177Z"
  }
},
{
  "_id": {
    "$oid": "690b0486f4175a76b44b0c16"
  },
  "user_id": "user_001",
  "items": [
    {
      "product_id": "68ff7686b357b1f7cb0e574e",
      "name": "Sofa Góc L Mini",
      "price": 12500000,
      "quantity": 1
    },
    {
      "product_id": "68ff7b8ab357b1f7cb0e5751",
      "name": "Sofa Da Cao Cấp Verona",
      "price": 28500000,
      "quantity": 1
    }
  ],
  "total_amount": 41000000,
  "txn_ref": "05150214",
  "status": 0,
  "created_at": {
    "$date": "2025-11-05T08:02:14.666Z"
  }
},
{
  "_id": {
    "$oid": "690b05161e51cf9c655b512f"
  },
  "user_id": "user_001",
  "items": [
    {
      "product_id": "68ff7686b357b1f7cb0e574e",
      "name": "Sofa Góc L Mini",
      "price": 12500000,
      "quantity": 1
    },
    {
      "product_id": "68ff7b8ab357b1f7cb0e5751",
      "name": "Sofa Da Cao Cấp Verona",
      "price": 28500000,
      "quantity": 1
    }
  ],
  "total_amount": 41000000,
  "txn_ref": "05150438",
  "status": 0,
  "created_at": {
    "$date": "2025-11-05T08:04:38.493Z"
  }
},
{
  "_id": {
    "$oid": "690b05af83f2a93e510d21be"
  },
  "user_id": "user_001",
  "items": [
    {
      "product_id": "68ff7686b357b1f7cb0e574e",
      "name": "Sofa Góc L Mini",
      "price": 12500000,
      "quantity": 1
    },
    {
      "product_id": "68ff7b8ab357b1f7cb0e5751",
      "name": "Sofa Da Cao Cấp Verona",
      "price": 28500000,
      "quantity": 1
    }
  ],
  "total_amount": 41000000,
  "txn_ref": "05150711",
  "status": 0,
  "created_at": {
    "$date": "2025-11-05T08:07:11.659Z"
  }
},
{
  "_id": {
    "$oid": "690b05ef83f2a93e510d21bf"
  },
  "user_id": "user_001",
  "items": [
    {
      "product_id": "68ff7686b357b1f7cb0e574e",
      "name": "Sofa Góc L Mini",
      "price": 12500000,
      "quantity": 1
    },
    {
      "product_id": "68ff7b8ab357b1f7cb0e5751",
      "name": "Sofa Da Cao Cấp Verona",
      "price": 28500000,
      "quantity": 1
    }
  ],
  "total_amount": 41000000,
  "txn_ref": "05150815",
  "status": 0,
  "created_at": {
    "$date": "2025-11-05T08:08:15.241Z"
  }
},
{
  "_id": {
    "$oid": "690b078d83f2a93e510d21c0"
  },
  "user_id": "user_001",
  "items": [
    {
      "product_id": "68ff7686b357b1f7cb0e574e",
      "name": "Sofa Góc L Mini",
      "price": 12500000,
      "quantity": 1
    },
    {
      "product_id": "68ff7b8ab357b1f7cb0e5751",
      "name": "Sofa Da Cao Cấp Verona",
      "price": 28500000,
      "quantity": 1
    }
  ],
  "total_amount": 41000000,
  "txn_ref": "05151509",
  "status": 0,
  "created_at": {
    "$date": "2025-11-05T08:15:09.958Z"
  }
},
{
  "_id": {
    "$oid": "690b07a20f4dd937e9bac99f"
  },
  "user_id": "user_001",
  "items": [
    {
      "product_id": "68ff7686b357b1f7cb0e574e",
      "name": "Sofa Góc L Mini",
      "price": 12500000,
      "quantity": 1
    },
    {
      "product_id": "68ff7b8ab357b1f7cb0e5751",
      "name": "Sofa Da Cao Cấp Verona",
      "price": 28500000,
      "quantity": 1
    }
  ],
  "total_amount": 41000000,
  "txn_ref": "05151530",
  "status": 0,
  "created_at": {
    "$date": "2025-11-05T08:15:30.029Z"
  }
},
{
  "_id": {
    "$oid": "690b07b20f4dd937e9bac9a0"
  },
  "user_id": "user_001",
  "items": [
    {
      "product_id": "68ff7686b357b1f7cb0e574e",
      "name": "Sofa Góc L Mini",
      "price": 12500000,
      "quantity": 1
    },
    {
      "product_id": "68ff7b8ab357b1f7cb0e5751",
      "name": "Sofa Da Cao Cấp Verona",
      "price": 28500000,
      "quantity": 2
    }
  ],
  "total_amount": 69500000,
  "txn_ref": "05151546",
  "status": 0,
  "created_at": {
    "$date": "2025-11-05T08:15:46.931Z"
  }
},
{
  "_id": {
    "$oid": "690b08ed72569016e0a66475"
  },
  "user_id": "user_001",
  "items": [
    {
      "product_id": "68ff7686b357b1f7cb0e574e",
      "name": "Sofa Góc L Mini",
      "price": 12500000,
      "quantity": 1
    },
    {
      "product_id": "68ff7b8ab357b1f7cb0e5751",
      "name": "Sofa Da Cao Cấp Verona",
      "price": 28500000,
      "quantity": 2
    }
  ],
  "total_amount": 69500000,
  "txn_ref": "05152101",
  "status": 0,
  "created_at": {
    "$date": "2025-11-05T08:21:01.282Z"
  }
},
{
  "_id": {
    "$oid": "690b095bed6192cc8e887990"
  },
  "user_id": "user_001",
  "items": [
    {
      "product_id": "68ff7686b357b1f7cb0e574e",
      "name": "Sofa Góc L Mini",
      "price": 12500000,
      "quantity": 1
    },
    {
      "product_id": "68ff7b8ab357b1f7cb0e5751",
      "name": "Sofa Da Cao Cấp Verona",
      "price": 28500000,
      "quantity": 2
    }
  ],
  "total_amount": 69500000,
  "txn_ref": "05152251",
  "status": 0,
  "created_at": {
    "$date": "2025-11-05T08:22:51.812Z"
  }
},
{
  "_id": {
    "$oid": "690b0a101bc92e1ee0264233"
  },
  "user_id": "user_001",
  "items": [
    {
      "product_id": "68ff7686b357b1f7cb0e574e",
      "name": "Sofa Góc L Mini",
      "price": 12500000,
      "quantity": 1
    },
    {
      "product_id": "68ff7b8ab357b1f7cb0e5751",
      "name": "Sofa Da Cao Cấp Verona",
      "price": 28500000,
      "quantity": 2
    }
  ],
  "total_amount": 69500000,
  "txn_ref": "05152552",
  "status": 0,
  "created_at": {
    "$date": "2025-11-05T08:25:52.654Z"
  }
},
{
  "_id": {
    "$oid": "690b0ac7de94b648f6d87525"
  },
  "user_id": "user_001",
  "items": [
    {
      "product_id": "68ff7686b357b1f7cb0e574e",
      "name": "Sofa Góc L Mini",
      "price": 12500000,
      "quantity": 1
    },
    {
      "product_id": "68ff7b8ab357b1f7cb0e5751",
      "name": "Sofa Da Cao Cấp Verona",
      "price": 28500000,
      "quantity": 2
    }
  ],
  "total_amount": 69500000,
  "txn_ref": "05152855",
  "status": 0,
  "created_at": {
    "$date": "2025-11-05T08:28:55.252Z"
  }
}]